<?xml version="1.0" encoding="UTF-8"?>
<vcs-root xmlns:xsi="http://www.w3.org/2001/XMLSchema-instance" uuid="afe855ec-52fb-4d9f-993d-5949ae24ef46" type="jetbrains.git" xsi:noNamespaceSchemaLocation="https://www.jetbrains.com/teamcity/schemas/2021.1/project-config.xsd">
  <name>https://github.com/MoOyeg/testFlask.git#refs/heads/master</name>
  <param name="agentCleanFilesPolicy" value="ALL_UNTRACKED" />
  <param name="agentCleanPolicy" value="ON_BRANCH_CHANGE" />
  <param name="authMethod" value="ANONYMOUS" />
  <param name="branch" value="refs/heads/master" />
  <param name="ignoreKnownHosts" value="true" />
  <param name="submoduleCheckout" value="CHECKOUT" />
  <param name="teamcity:branchSpec" value="refs/heads/*" />
  <param name="url" value="https://github.com/MoOyeg/testFlask.git" />
  <param name="useAlternates" value="AUTO" />
  <param name="usernameStyle" value="USERID" />
</vcs-root>

