<?xml version="1.0" encoding="UTF-8"?>
<build-type xmlns:xsi="http://www.w3.org/2001/XMLSchema-instance" uuid="e983caa9-7e27-48d7-99b0-72eb64c72f87" xsi:noNamespaceSchemaLocation="https://www.jetbrains.com/teamcity/schemas/2021.1/project-config.xsd">
  <name>Build</name>
  <description />
  <settings>
    <parameters />
    <build-runners>
      <runner id="RUNNER_2" name="ls" type="simpleRunner">
        <parameters>
          <param name="script.content" value="ls" />
          <param name="teamcity.step.mode" value="default" />
          <param name="use.custom.script" value="true" />
        </parameters>
      </runner>
      <runner id="RUNNER_6" name="Run Unit Testing" type="python-runner">
        <parameters>
          <param name="command" value="file" />
          <param name="coverageArgs" value="--omit=*lib*" />
          <param name="envTool" value="venv" />
          <param name="installToolPackage" value="true" />
          <param name="isCoverageEnabled" value="false" />
          <param name="isTestReportingEnabled" value="true" />
          <param name="poetryExecutable" value="poetry" />
          <param name="pythonVersion" value="python3" />
          <param name="scriptFile" value="test.py" />
          <param name="teamcity.step.mode" value="default" />
          <param name="virtualenvEnvName" value=".venv" />
          <param name="virtualenvFile" value="requirements.txt" />
        </parameters>
      </runner>
      <runner id="RUNNER_4" name="Openshift Registry Login" type="simpleRunner">
        <parameters>
          <param name="script.content"><![CDATA[export OPENSHIFT_TOKEN=$(cat /var/run/secrets/kubernetes.io/serviceaccount/token)
docker login -u $SERVICE_ACCOUNT -p $OPENSHIFT_TOKEN image-registry.openshift-image-registry.svc:5000]]></param>
          <param name="teamcity.step.mode" value="default" />
          <param name="use.custom.script" value="true" />
        </parameters>
      </runner>
      <runner id="RUNNER_7" name="Docker Build Image" type="DockerCommand">
        <parameters>
          <param name="command.args" value="--pull" />
          <param name="docker.command.type" value="build" />
          <param name="docker.image.namesAndTags" value="image-registry.openshift-image-registry.svc:5000/teamcity-server/openshift-teamcity-testflask:latest" />
          <param name="docker.push.remove.image" value="true" />
          <param name="dockerImage.platform" value="linux" />
          <param name="dockerfile.path" value="./Dockerfile" />
          <param name="dockerfile.source" value="PATH" />
          <param name="teamcity.step.mode" value="default" />
        </parameters>
      </runner>
      <runner id="RUNNER_8" name="Docker Push Image" type="DockerCommand">
        <parameters>
          <param name="docker.command.type" value="push" />
          <param name="docker.image.namesAndTags" value="image-registry.openshift-image-registry.svc:5000/teamcity-server/openshift-teamcity-testflask:latest" />
          <param name="docker.push.remove.image" value="true" />
          <param name="dockerfile.source" value="PATH" />
          <param name="teamcity.step.mode" value="default" />
        </parameters>
      </runner>
    </build-runners>
    <vcs-settings>
      <vcs-entry-ref root-id="TestFlask_HttpsGithubComMoOyegTestFlaskGitRefsHeadsMaster" />
    </vcs-settings>
    <requirements />
    <build-triggers>
      <build-trigger id="TRIGGER_1" type="vcsTrigger">
        <parameters>
          <param name="branchFilter" value="+:*" />
          <param name="enableQueueOptimization" value="true" />
          <param name="quietPeriodMode" value="DO_NOT_USE" />
        </parameters>
      </build-trigger>
    </build-triggers>
    <cleanup />
  </settings>
</build-type>

