<root>
  <page path="/admin/editProject.html?tab=oauthConnections">
    <usage userId="1" timestamp="1646885278978" />
  </page>
  <page path="/admin/buildTypeSuggestions.html">
    <usage userId="1" timestamp="1646701212476" />
  </page>
  <page path="/admin/editProject.html?tab=artifactsStorage">
    <usage userId="1" timestamp="1646701524089" />
  </page>
  <page path="/agentDetails.html">
    <usage userId="1" timestamp="1646886756668" />
  </page>
  <page path="/viewType.html?tab=buildTypeStatistics">
    <usage userId="1" timestamp="1646888834860" />
  </page>
  <page path="/admin/createObjectFromUrl.html">
    <usage userId="1" timestamp="1646689997632" />
  </page>
  <page path="/viewLog.html?tab=buildLog">
    <usage userId="1" timestamp="1646890539864" />
  </page>
  <page path="/admin/editProject.html?tab=projectVcsRoots">
    <usage userId="1" timestamp="1646701511861" />
  </page>
  <page path="/showBuildTupesPopup.html">
    <usage userId="1" timestamp="1646877076396" />
  </page>
  <page path="/admin/editRunType.html">
    <usage userId="1" timestamp="1646890249276" />
  </page>
  <page path="/viewType.html?tab=buildTypeHistoryList">
    <usage userId="1" timestamp="1646888841382" />
  </page>
  <page path="/agents.html">
    <usage userId="1" timestamp="1646886879220" />
  </page>
  <page path="/viewType.html?tab=buildTypeSettings">
    <usage userId="1" timestamp="1646888869263" />
  </page>
  <page path="/admin/admin.html">
    <usage userId="1" timestamp="1646890558155" />
  </page>
  <page path="/">
    <usage userId="1" timestamp="1646877054035" />
  </page>
  <page path="/admin/createProject.html">
    <usage userId="1" timestamp="1646689996485" />
  </page>
  <page path="/runCustomBuild.html">
    <usage userId="1" timestamp="1646885035955" />
  </page>
  <page path="/admin/editBuild.html">
    <usage userId="1" timestamp="1646890290723" />
  </page>
  <page path="/admin/editProject.html?tab=JetBrains.SharedResources">
    <usage userId="1" timestamp="1646701535729" />
  </page>
  <page path="/profile.html">
    <usage userId="1" timestamp="1646689548406" />
  </page>
  <page path="/admin/editBuildTypeVcsRoots.html">
    <usage userId="1" timestamp="1646888886757" />
  </page>
  <page path="/viewLog.html">
    <usage userId="1" timestamp="1646890313532" />
  </page>
  <page path="/admin/projectHealthStatusItems.html">
    <usage userId="1" timestamp="1646885307525" />
  </page>
  <page path="/buildResultsSummary.html">
    <usage userId="1" timestamp="1646890310998" />
  </page>
  <page path="/viewType.html?tab=compatibilityList">
    <usage userId="1" timestamp="1646888833413" />
  </page>
  <page path="/viewLog.html?tab=buildChangesDiv">
    <usage userId="1" timestamp="1646890101547" />
  </page>
  <page path="/admin/createObjectMenu.html">
    <usage userId="1" timestamp="1646689965211" />
  </page>
  <page path="/admin/discoverRunners.html">
    <usage userId="1" timestamp="1646701126904" />
  </page>
  <page path="/problems/exitCodeProblemAjax.html">
    <usage userId="1" timestamp="1646887944050" />
  </page>
  <page path="/projectHealthStatusItems.html">
    <usage userId="1" timestamp="1646885253304" />
  </page>
  <page path="/admin/editBuildRunners.html">
    <usage userId="1" timestamp="1646890274809" />
  </page>
  <page path="/viewType.html?tab=buildTypeChangeLog">
    <usage userId="1" timestamp="1646888839296" />
  </page>
  <page path="/limitedPendingChangesLink.html">
    <usage userId="1" timestamp="1646890095446" />
  </page>
  <page path="/viewLog.html?tab=buildResultsDiv">
    <usage userId="1" timestamp="1646890097364" />
  </page>
  <page path="/project.html">
    <usage userId="1" timestamp="1646885250763" />
  </page>
  <page path="/versionedSettingsStatus.html">
    <usage userId="1" timestamp="1646701533414" />
  </page>
  <page path="/viewType.html?tab=buildTypeIssueLog">
    <usage userId="1" timestamp="1646888837440" />
  </page>
  <page path="/clouds/admin/cloudAdminProfile.html">
    <usage userId="1" timestamp="1646701256733" />
  </page>
  <page path="/admin/editProject.html">
    <usage userId="1" timestamp="1646885306806" />
  </page>
  <page path="/buildTypePopup.html">
    <usage userId="1" timestamp="1646885026413" />
  </page>
  <page path="/admin/editProject.html?tab=clouds">
    <usage userId="1" timestamp="1646884905601" />
  </page>
  <page path="/agents.html?tab=agentPools">
    <usage userId="1" timestamp="1646886391950" />
  </page>
  <page path="/admin/admin.html?tab=backupHistory">
    <usage userId="1" timestamp="1646890560308" />
  </page>
  <page path="/viewType.html">
    <usage userId="1" timestamp="1646886824800" />
  </page>
  <page path="/overview.html">
    <usage userId="1" timestamp="1646890095080" />
  </page>
  <page path="/project.html?tab=projectOverview">
    <usage userId="1" timestamp="1646885252712" />
  </page>
  <page path="/agentDetails.html?tab=agentParameters">
    <usage userId="1" timestamp="1646886789128" />
  </page>
  <page path="/admin/buildTypeHealthStatusItems.html">
    <usage userId="1" timestamp="1646890291390" />
  </page>
  <page path="/viewType.html?tab=buildTypeStatusDiv">
    <usage userId="1" timestamp="1646890299717" />
  </page>
  <page path="/showJsp.html">
    <usage userId="1" timestamp="1646888828482" />
  </page>
  <page path="/admin/editProject.html?tab=versionedSettings">
    <usage userId="1" timestamp="1646701532871" />
  </page>
  <page path="/admin/objectSetup.html">
    <usage userId="1" timestamp="1646690344112" />
  </page>
  <page path="/buildTypeHealthStatusItems.html">
    <usage userId="1" timestamp="1646890300366" />
  </page>
</root>